signal,matchup_label,n_hitters,avg_pred_ridge,avg_matchup_weakness_score
Bounce-back Candidate,Favorable,2,0.28422517548947546,-0.05556454238022078
Hot Candidate,Favorable,1,0.3731656857104495,-0.15301520522899956
Neutral,Favorable,13,0.33441728038637325,-0.07103577547291584
Neutral,Neutral,58,0.32382088455247565,0.0013666299257617124
Regression Risk,Favorable,7,0.337040405306261,-0.08661087258862754
Regression Risk,Neutral,15,0.31620782432750594,-0.00578142111069051
Regression Risk,Unfavorable,25,0.30292941671326173,0.07599354536165497
