signal,n_hitters,avg_pred_ridge,avg_actual_future_7d_xwOBA,avg_matchup_weakness_score
Hot Candidate,67,0.34426883856609486,0.3472649787276684,-0.04565333234294653
Neutral,93,0.31681349201711145,0.3171445993943174,-0.0010499846443646512
Bounce-back Candidate,14,0.31279860065412013,0.36274632615001295,-0.0009655506387880595
Regression Risk,165,0.31242071510175007,0.2834694044955789,0.023628721817296697
